{"cameraMode":{"drawMode":0,"name":"Shaded","section":"Shading Mode"},"sceneLighting":false,"audioPlay":false,"sceneViewState":{"showFog":true,"showMaterialUpdate":false,"showSkybox":false,"showFlares":true,"showImageEffects":true,"showParticleSystems":true},"in2DMode":false,"pivot":{"x":1.2000000476837159,"y":0.21000002324581147,"z":-3.369999885559082},"rotation":{"x":0.19710175693035127,"y":-0.35661372542381289,"z":0.07724511623382569,"w":0.9099509716033936},"size":2.8578836917877199,"orthographic":true}