{"cameraMode":{"drawMode":0,"name":"Shaded","section":"Shading Mode"},"sceneLighting":true,"audioPlay":false,"sceneViewState":{"showFog":true,"showMaterialUpdate":false,"showSkybox":true,"showFlares":true,"showImageEffects":true,"showParticleSystems":true},"in2DMode":false,"pivot":{"x":-0.11702597141265869,"y":0.23999996483325959,"z":-7.646393775939941},"rotation":{"x":-0.05872415378689766,"y":-0.042813368141651157,"z":0.0025161707308143379,"w":-0.9973526000976563},"size":5.231542587280273,"orthographic":true}